{"cameraMode":{"drawMode":0,"name":"Shaded","section":"Shading Mode"},"sceneLighting":false,"audioPlay":false,"sceneViewState":{"showFog":false,"showMaterialUpdate":false,"showSkybox":false,"showFlares":false,"showImageEffects":false,"showParticleSystems":false},"in2DMode":false,"pivot":{"x":-4.900728225708008,"y":1.0099999904632569,"z":8.082988739013672},"rotation":{"x":-0.03870982304215431,"y":-0.938500702381134,"z":0.1120191365480423,"w":-0.3242988884449005},"size":5.415777206420898,"orthographic":false}