{"cameraMode":{"drawMode":0,"name":"Shaded","section":"Shading Mode"},"sceneLighting":false,"audioPlay":false,"sceneViewState":{"showFog":false,"showMaterialUpdate":false,"showSkybox":false,"showFlares":false,"showImageEffects":false,"showParticleSystems":false},"in2DMode":false,"pivot":{"x":-0.007978439331054688,"y":0.8519924283027649,"z":0.02492678165435791},"rotation":{"x":-0.039196230471134189,"y":-0.9383316040039063,"z":0.11342675983905792,"w":-0.32424047589302065},"size":4.15961217880249,"orthographic":false}