{"cameraMode":{"drawMode":0,"name":"Shaded","section":"Shading Mode"},"sceneLighting":false,"audioPlay":false,"sceneViewState":{"showFog":false,"showMaterialUpdate":false,"showSkybox":false,"showFlares":false,"showImageEffects":false,"showParticleSystems":false},"in2DMode":false,"pivot":{"x":517.6220092773438,"y":221.5,"z":1.9550354480743409},"rotation":{"x":-0.027093952521681787,"y":-0.8893922567367554,"z":0.45323407649993899,"w":-0.05316317453980446},"size":1783.19677734375,"orthographic":false}