{"cameraMode":{"drawMode":0,"name":"Shaded","section":"Shading Mode"},"sceneLighting":true,"audioPlay":false,"sceneViewState":{"showFog":false,"showMaterialUpdate":false,"showSkybox":false,"showFlares":false,"showImageEffects":false,"showParticleSystems":false},"in2DMode":false,"pivot":{"x":-1.048218011856079,"y":0.033333346247673038,"z":0.4735006093978882},"rotation":{"x":0.4124615490436554,"y":0.534260094165802,"z":-0.3352506160736084,"w":0.6573041677474976},"size":9.460744857788086,"orthographic":false}