{"cameraMode":{"drawMode":0,"name":"Shaded","section":"Shading Mode"},"sceneLighting":true,"audioPlay":false,"sceneViewState":{"showFog":false,"showMaterialUpdate":false,"showSkybox":false,"showFlares":false,"showImageEffects":false,"showParticleSystems":false},"in2DMode":false,"pivot":{"x":-2.8399386405944826,"y":1.636671543121338,"z":9.901735305786133},"rotation":{"x":0.412461519241333,"y":0.534260094165802,"z":-0.3352506160736084,"w":0.6573041677474976},"size":6.462363243103027,"orthographic":false}