{"cameraMode":{"drawMode":0,"name":"Shaded","section":"Shading Mode"},"sceneLighting":false,"audioPlay":false,"sceneViewState":{"showFog":false,"showMaterialUpdate":false,"showSkybox":false,"showFlares":false,"showImageEffects":false,"showParticleSystems":false},"in2DMode":false,"pivot":{"x":-9.311722755432129,"y":0.940000057220459,"z":2.9600000381469728},"rotation":{"x":-0.027093952521681787,"y":-0.8893922567367554,"z":0.45323407649993899,"w":-0.05316317453980446},"size":4.041658401489258,"orthographic":false}