{"cameraMode":{"drawMode":0,"name":"Shaded","section":"Shading Mode"},"sceneLighting":true,"audioPlay":false,"sceneViewState":{"showFog":false,"showMaterialUpdate":false,"showSkybox":false,"showFlares":false,"showImageEffects":false,"showParticleSystems":false},"in2DMode":false,"pivot":{"x":0.4237934350967407,"y":-1.5254515409469605,"z":1.7213163375854493},"rotation":{"x":0.30433329939842226,"y":0.21057377755641938,"z":-0.06917423009872437,"w":0.9264205098152161},"size":12.27951717376709,"orthographic":false}