{"cameraMode":{"drawMode":0,"name":"Shaded","section":"Shading Mode"},"sceneLighting":false,"audioPlay":false,"sceneViewState":{"showFog":false,"showMaterialUpdate":false,"showSkybox":false,"showFlares":false,"showImageEffects":false,"showParticleSystems":false},"in2DMode":false,"pivot":{"x":-12.29605484008789,"y":-0.18219399452209474,"z":13.104493141174317},"rotation":{"x":0.06354989856481552,"y":-0.5681169033050537,"z":0.04406745359301567,"w":0.8193062543869019},"size":2.0596134662628176,"orthographic":false}