{"cameraMode":{"drawMode":0,"name":"Shaded","section":"Shading Mode"},"sceneLighting":false,"audioPlay":false,"sceneViewState":{"showFog":false,"showMaterialUpdate":false,"showSkybox":false,"showFlares":false,"showImageEffects":false,"showParticleSystems":false},"in2DMode":false,"pivot":{"x":-0.0022945308592170479,"y":0.92862868309021,"z":-0.010375921614468098},"rotation":{"x":-0.039196230471134189,"y":-0.9383316040039063,"z":0.11342675983905792,"w":-0.32424047589302065},"size":22.0,"orthographic":false}