{"cameraMode":{"drawMode":0,"name":"Shaded","section":"Shading Mode"},"sceneLighting":false,"audioPlay":false,"sceneViewState":{"showFog":false,"showMaterialUpdate":false,"showSkybox":false,"showFlares":false,"showImageEffects":false,"showParticleSystems":false},"in2DMode":false,"pivot":{"x":-0.6979851722717285,"y":0.8447339534759522,"z":-3.3189544677734377},"rotation":{"x":-0.12113111466169357,"y":-0.8416773676872253,"z":0.21161231398582459,"w":-0.48179519176483157},"size":9.137341499328614,"orthographic":false}