{"cameraMode":{"drawMode":0,"name":"Shaded","section":"Shading Mode"},"sceneLighting":false,"audioPlay":false,"sceneViewState":{"showFog":true,"showMaterialUpdate":false,"showSkybox":true,"showFlares":true,"showImageEffects":true,"showParticleSystems":true},"in2DMode":false,"pivot":{"x":460.7201232910156,"y":148.35067749023438,"z":-625.7291870117188},"rotation":{"x":-0.0005961517454124987,"y":0.998495876789093,"z":-0.05369181931018829,"w":-0.011083184741437436},"size":1335.6173095703125,"orthographic":false}