{"cameraMode":{"drawMode":0,"name":"Shaded","section":"Shading Mode"},"sceneLighting":false,"audioPlay":false,"sceneViewState":{"showFog":true,"showMaterialUpdate":false,"showSkybox":true,"showFlares":true,"showImageEffects":true,"showParticleSystems":true},"in2DMode":false,"pivot":{"x":554.6093139648438,"y":361.284423828125,"z":16.464290618896486},"rotation":{"x":0.020160667598247529,"y":0.8148915767669678,"z":-0.028395120054483415,"w":0.5785663723945618},"size":240.11599731445313,"orthographic":false}