{"cameraMode":{"drawMode":0,"name":"Shaded","section":"Shading Mode"},"sceneLighting":false,"audioPlay":false,"sceneViewState":{"showFog":true,"showMaterialUpdate":false,"showSkybox":true,"showFlares":true,"showImageEffects":true,"showParticleSystems":true},"in2DMode":false,"pivot":{"x":-34.939998626708987,"y":1.4300000667572022,"z":-9.59000015258789},"rotation":{"x":0.03983350098133087,"y":-0.6604840159416199,"z":0.035128772258758548,"w":0.7489593625068665},"size":8.247194290161133,"orthographic":false}