{"cameraMode":{"drawMode":0,"name":"Shaded","section":"Shading Mode"},"sceneLighting":false,"audioPlay":false,"sceneViewState":{"showFog":true,"showMaterialUpdate":false,"showSkybox":true,"showFlares":true,"showImageEffects":true,"showParticleSystems":true},"in2DMode":false,"pivot":{"x":-26.31999969482422,"y":2.0161144733428957,"z":-12.665763854980469},"rotation":{"x":-0.0005961517454124987,"y":0.998495876789093,"z":-0.05369181931018829,"w":-0.011083184741437436},"size":4.706493377685547,"orthographic":false}