{"cameraMode":{"drawMode":0,"name":"Shaded","section":"Shading Mode"},"sceneLighting":false,"audioPlay":false,"sceneViewState":{"showFog":true,"showMaterialUpdate":false,"showSkybox":true,"showFlares":true,"showImageEffects":true,"showParticleSystems":true},"in2DMode":false,"pivot":{"x":-9.311722755432129,"y":0.940000057220459,"z":2.9600000381469728},"rotation":{"x":0.16519129276275636,"y":0.5685456991195679,"z":-0.11780664324760437,"w":0.7972385287284851},"size":6.441659927368164,"orthographic":false}