{"cameraMode":{"drawMode":0,"name":"Shaded","section":"Shading Mode"},"sceneLighting":false,"audioPlay":false,"sceneViewState":{"showFog":true,"showMaterialUpdate":false,"showSkybox":true,"showFlares":true,"showImageEffects":true,"showParticleSystems":true},"in2DMode":false,"pivot":{"x":1.068192481994629,"y":-0.1445268988609314,"z":-0.02117621898651123},"rotation":{"x":0.245238795876503,"y":0.018896160647273065,"z":-0.004782224074006081,"w":0.9692667722702026},"size":4.15961217880249,"orthographic":false}